<?xml version="1.0" encoding="UTF-8"?><rss version="2.0"
	xmlns:content="http://purl.org/rss/1.0/modules/content/"
	xmlns:wfw="http://wellformedweb.org/CommentAPI/"
	xmlns:dc="http://purl.org/dc/elements/1.1/"
	xmlns:atom="http://www.w3.org/2005/Atom"
	xmlns:sy="http://purl.org/rss/1.0/modules/syndication/"
	xmlns:slash="http://purl.org/rss/1.0/modules/slash/"
	>

<channel>
	<title>PGSCOM</title>
	<atom:link href="https://pgscom.github.io/feed" rel="self" type="application/rss+xml" />
	<link>https://pgscom.github.io/</link>
	<description></description>
	<lastBuildDate>Thu, 24 Sep 2020 16:36:11 +0000</lastBuildDate>
	<language>es</language>
	<sy:updatePeriod>
	hourly	</sy:updatePeriod>
	<sy:updateFrequency>
	1	</sy:updateFrequency>
	<generator>https://wordpress.org/?v=5.6.1</generator>

<image>
	<url>https://pgscom.github.io/wp-content/uploads/2020/09/cropped-logo-perfil-sin-fondo-1-32x32.png</url>
	<title>PGSCOM</title>
	<link>https://pgscom.github.io/</link>
	<width>32</width>
	<height>32</height>
</image> 
	<item>
		<title>¡Hola, mundo!</title>
		<link>https://pgscom.github.io/2020/09/hola-mundo</link>
					<comments>https://pgscom.github.io/2020/09/hola-mundo#comments</comments>
		
		<dc:creator><![CDATA[admin]]></dc:creator>
		<pubDate>Thu, 24 Sep 2020 16:36:11 +0000</pubDate>
				<category><![CDATA[Sin categoría]]></category>
		<guid isPermaLink="false">https://pgscom.github.io/?p=1</guid>

					<description><![CDATA[Bienvenido a WordPress. Esta es tu primera entrada. Edítala o bórrala, ¡luego empieza a escribir!]]></description>
										<content:encoded><![CDATA[
<p>Bienvenido a WordPress. Esta es tu primera entrada. Edítala o bórrala, ¡luego empieza a escribir!</p>
]]></content:encoded>
					
					<wfw:commentRss>https://pgscom.github.io/2020/09/hola-mundo/feed</wfw:commentRss>
			<slash:comments>1</slash:comments>
		
		
			</item>
	</channel>
</rss>
